1,CGIA558448,Hilliary,2144025850,hchessill0@list-manage.com
2,EYQH103797,Rodger,6213094849,rcallan1@cafepress.com
3,IHTC297915,Vlad,3673614553,vawde2@pen.io
4,QBJO348861,Vi,8347218140,vvedeshkin3@cocolog-nifty.com
5,PDFU049816,Ely,9107828692,ejennison4@jimdo.com
6,XBXR195417,Monika,3653979461,mbrok5@ucla.edu
7,IYQL505976,Carmelina,9946555140,cmcelvine6@cdc.gov
8,ASWN335535,Sabine,3663384479,sscouller7@a8.net
9,JREK147442,Stevy,8579174390,sslocket8@boston.com
10,AQRO624371,Nesta,4913719109,ncheves9@constantcontact.com
11,DPKQ972266,Carina,8267040699,cbreeda@furl.net
12,SXQM213809,Ulla,2881097786,urichfieldb@multiply.com
13,SXQV837000,Zorah,1057876408,zcrombc@state.gov
14,EMJD606263,Shell,5316226687,sbinhamd@ucla.edu
15,AZGS339228,Alicia,1223407965,amanne@hhs.gov
16,EUOA870371,Rahal,1168009242,rsteenf@macromedia.com
17,QOGT239329,Odelle,6719232712,odanatg@istockphoto.com
18,HJVR792740,Erastus,6883008920,emcgingh@hhs.gov
19,CTHK573932,Francine,9354328183,fverseyi@lulu.com
20,SHIY491429,Rosaleen,2153506049,rtolchardej@princeton.edu
