1,Klocko Group,Costa Rica
2,Jaskolski Inc,Sweden
3,"Bartoletti, Huel and Ziemann",Bosnia and Herzegovina
4,"Feil, Rice and Kuhn",Morocco
5,Turcotte and Sons,Indonesia
6,Smitham-Wilderman,Brazil
7,Emard-Zemlak,Vietnam
8,Luettgen Inc,United States
9,"Fritsch, Greenholt and Sipes",Poland
10,Mayert LLC,Uganda
11,Mraz Inc,Argentina
12,"Dooley, Gleichner and King",Peru
13,"Howe, Kuhlman and Skiles",China
14,Mayer Group,Indonesia
15,"Gutkowski, Grimes and Stamm",Syria
16,"Frami, Ankunding and Murphy",China
17,Bartoletti Inc,Japan
18,Williamson LLC,Egypt
19,"Pollich, Farrell and McCullough",Syria
20,Schultz-Wilkinson,United States
